era,place,lon,lat,hours_from_paris,basis
roman,Lutetia,2.35,48.86,0,sourced
roman,Rotomagus,1.1,49.44,60.0,estimate
roman,Caesaromagus,2.08,49.43,40.8,estimate
roman,Samarobriva,2.3,49.89,62.4,estimate
roman,Gesoriacum,1.61,50.73,120,estimate
roman,Durocortorum,4.03,49.26,72,estimate
roman,Agedincum,3.28,48.2,60.0,estimate
roman,Cenabum,1.9,47.9,62.4,estimate
roman,Caesarodunum,0.69,47.39,115.2,estimate
roman,Condate,-1.68,48.11,168,estimate
roman,Portus Namnetum,-1.55,47.22,180.0,estimate
roman,Limonum,0.34,46.58,156.0,estimate
roman,Mediolanum Santonum,-0.63,45.75,240,estimate
roman,Burdigala,-0.58,44.84,276.0,estimate
roman,Augustoritum,1.26,45.83,192,estimate
roman,Augustonemetum,3.08,45.78,192,estimate
roman,Tolosa,1.44,43.6,336,estimate
roman,Narbo,3.0,43.18,396.0,estimate
roman,Nemausus,4.36,43.84,360,estimate
roman,Arelate,4.63,43.68,336,estimate
roman,Massilia,5.37,43.3,348.0,estimate
roman,Forum Julii,6.74,43.43,408,estimate
roman,Lugdunum,4.83,45.76,228.0,estimate
roman,Vienna Allobrogum,4.87,45.52,240,estimate
roman,Genava,6.14,46.2,288,estimate
roman,Vesontio,6.02,47.24,180.0,estimate
roman,Divodurum,6.18,49.12,144,estimate
roman,Augusta Treverorum,6.64,49.75,180.0,estimate
roman,Argentorate,7.75,48.58,216,estimate
roman,Bagacum,3.8,50.3,108.0,estimate
roman,Atuatuca,5.46,50.78,168,estimate
roman,Colonia Agrippina,6.96,50.94,228.0,estimate
roman,Mogontiacum,8.27,50.0,240,estimate
roman,Noviomagus,5.86,51.84,276.0,estimate
roman,Lugdunum Batavorum,4.49,52.16,312,estimate
roman,Augusta Raurica,7.72,47.53,252.0,estimate
roman,Vindonissa,8.22,47.48,276.0,estimate
roman,Augusta Vindelicum,10.9,48.37,384,estimate
roman,Castra Regina,12.1,49.02,456,estimate
roman,Lauriacum,14.47,48.22,528,estimate
roman,Vindobona,16.37,48.21,624,estimate
roman,Carnuntum,16.9,48.12,636.0,estimate
roman,Aquincum,19.04,47.56,720,estimate
roman,Sirmium,19.61,44.97,840,estimate
roman,Singidunum,20.46,44.8,864,estimate
roman,Naissus,21.9,43.32,960,estimate
roman,Serdica,23.32,42.7,1032,estimate
roman,Philippopolis,24.75,42.14,1080,estimate
roman,Byzantium,28.98,41.01,984,estimate
roman,Thessalonica,22.94,40.64,816,estimate
roman,Athenae,23.73,37.98,720,estimate
roman,Corinthus,22.88,37.91,708.0,estimate
roman,Dyrrachium,19.45,41.32,696,estimate
roman,Salona,16.48,43.54,720,estimate
roman,Aquileia,13.37,45.77,600,estimate
roman,Emona,14.51,46.05,660.0,estimate
roman,Poetovio,15.87,46.42,696,estimate
roman,Augusta Taurinorum,7.69,45.07,420.0,estimate
roman,Mediolanum,9.19,45.46,468.0,estimate
roman,Verona,10.99,45.44,528,estimate
roman,Ravenna,12.2,44.42,576,estimate
roman,Genua,8.95,44.41,408,estimate
roman,Pisae,10.4,43.72,444.0,estimate
roman,Florentia,11.26,43.77,492.0,estimate
roman,Roma,12.5,41.9,480,estimate
roman,Ostia,12.29,41.75,468.0,estimate
roman,Puteoli,14.12,40.82,480,estimate
roman,Brundisium,17.94,40.63,648,estimate
roman,Tarentum,17.24,40.47,648,estimate
roman,Rhegium,15.65,38.11,552,estimate
roman,Syracusae,15.29,37.08,552,estimate
roman,Panormus,13.36,38.12,528,estimate
roman,Caralis,9.11,39.22,456,estimate
roman,Aleria,9.51,42.1,408,estimate
roman,Carthago,10.32,36.85,528,estimate
roman,Hippo Regius,7.77,36.9,504,estimate
roman,Cirta,6.61,36.36,576,estimate
roman,Caesarea Mauretaniae,2.19,36.6,456,estimate
roman,Tingis,-5.83,35.76,624,estimate
roman,Volubilis,-5.55,34.07,696,estimate
roman,Leptis Magna,14.29,32.64,648,estimate
roman,Cyrene,21.86,32.82,744,estimate
roman,Alexandria,29.92,31.2,792,estimate
roman,Memphis,31.25,29.85,864,estimate
roman,Thebae,32.65,25.7,1104,estimate
roman,Syene,32.9,24.09,1224,estimate
roman,Meroe,33.75,16.94,1800,estimate
roman,Berenice,35.47,23.91,1320,estimate
roman,Pelusium,32.55,31.04,840,estimate
roman,Gaza,34.45,31.5,888,estimate
roman,Caesarea Maritima,34.9,32.5,864,estimate
roman,Hierosolyma,35.23,31.78,912,estimate
roman,Tyrus,35.2,33.27,888,estimate
roman,Damascus,36.29,33.51,960,estimate
roman,Antiochia,36.16,36.2,936,estimate
roman,Palmyra,38.27,34.55,1128,estimate
roman,Petra,35.44,30.33,1056,estimate
roman,Bostra,36.48,32.52,1032,estimate
roman,Dura Europos,40.73,34.75,1248,estimate
roman,Ctesiphon,44.58,33.09,1440,estimate
roman,Charax,47.8,30.5,1632,estimate
roman,Ecbatana,48.52,34.8,1680,estimate
roman,Persepolis,52.89,29.93,2040,estimate
roman,Merv,61.83,37.6,2352,estimate
roman,Bactra,66.9,36.76,2688,estimate
roman,Taxila,72.83,33.74,3120,estimate
roman,Barygaza,72.99,21.7,2400,estimate
roman,Muziris,76.2,10.15,2520,estimate
roman,Taprobane,80.0,7.5,2832,estimate
roman,Arabia Eudaemon,45.03,12.79,1800,estimate
roman,Rhapta,39.3,-6.8,2760,estimate
roman,Adulis,39.66,15.27,1560,estimate
roman,Ephesus,27.34,37.94,720,estimate
roman,Pergamum,27.18,39.12,768,estimate
roman,Sardis,28.04,38.49,792,estimate
roman,Nicomedia,29.92,40.77,1032,estimate
roman,Ancyra,32.86,39.93,1176,estimate
roman,Tarsus,34.9,36.92,888,estimate
roman,Caesarea Cappadociae,35.49,38.72,1152,estimate
roman,Sinope,35.15,42.02,1248,estimate
roman,Trapezus,39.72,41.0,1344,estimate
roman,Phasis,41.67,42.15,1440,estimate
roman,Tomis,28.65,44.18,1104,estimate
roman,Olbia,31.9,46.69,1176,estimate
roman,Chersonesus,33.49,44.61,1176,estimate
roman,Panticapaeum,36.47,45.35,1224,estimate
roman,Tanais,39.25,47.27,1344,estimate
roman,Gortyn,24.95,35.06,648,estimate
roman,Salamis Cypri,33.9,35.18,792,estimate
roman,Rhodus,28.22,36.44,696,estimate
roman,Tarraco,1.25,41.12,468.0,estimate
roman,Caesaraugusta,-0.88,41.65,552,estimate
roman,Carthago Nova,-0.99,37.6,528,estimate
roman,Gades,-6.29,36.53,624,estimate
roman,Hispalis,-5.98,37.39,648,estimate
roman,Corduba,-4.78,37.89,672,estimate
roman,Emerita Augusta,-6.34,38.92,792,estimate
roman,Toletum,-4.02,39.86,744,estimate
roman,Legio,-5.57,42.6,744,estimate
roman,Olisipo,-9.14,38.72,744,estimate
roman,Bracara Augusta,-8.42,41.55,792,estimate
roman,Lucus Augusti,-7.56,43.01,792,estimate
roman,Asturica,-6.06,42.46,744,estimate
roman,Pompaelo,-1.64,42.82,384,estimate
roman,Londinium,-0.09,51.51,180.0,estimate
roman,Rutupiae,1.33,51.3,144,estimate
roman,Camulodunum,0.9,51.89,216,estimate
roman,Lindum,-0.54,53.23,276.0,estimate
roman,Eboracum,-1.08,53.96,336,estimate
roman,Deva,-2.89,53.19,312,estimate
roman,Isca Silurum,-2.95,51.61,300.0,estimate
roman,Isca Dumnoniorum,-3.53,50.72,300.0,estimate
roman,Luguvalium,-2.93,54.89,444.0,estimate
roman,Vindolanda,-2.36,54.99,432,estimate
roman,Segontium,-4.27,53.14,384,estimate
medieval,Paris,2.35,48.86,0,sourced
medieval,Rouen,1.1,49.44,62.4,estimate
medieval,Beauvais,2.08,49.43,38.4,estimate
medieval,Amiens,2.3,49.89,67.2,estimate
medieval,Arras,2.78,50.29,91.2,estimate
medieval,Lille,3.06,50.63,115.2,estimate
medieval,Bruges,3.22,51.21,156.0,estimate
medieval,Ghent,3.72,51.05,144,estimate
medieval,Wissant,1.66,50.89,127.2,estimate
medieval,Canterbury,1.08,51.28,168,estimate
medieval,London,-0.13,51.51,204.0,estimate
medieval,Winchester,-1.31,51.06,240,estimate
medieval,Oxford,-1.26,51.75,252.0,estimate
medieval,Bristol,-2.59,51.45,288,estimate
medieval,York,-1.08,53.96,336,estimate
medieval,Durham,-1.57,54.78,384,estimate
medieval,Edinburgh,-3.19,55.95,456,estimate
medieval,Dublin,-6.26,53.35,384,estimate
medieval,Reims,4.03,49.26,76.8,estimate
medieval,Troyes,4.07,48.3,84.0,estimate
medieval,Provins,3.3,48.56,48,estimate
medieval,Chartres,1.49,48.45,43.2,estimate
medieval,Orleans,1.9,47.9,60.0,estimate
medieval,Tours,0.69,47.39,120,estimate
medieval,Poitiers,0.34,46.58,168,estimate
medieval,Bordeaux,-0.58,44.84,288,estimate
medieval,Bayonne,-1.47,43.49,360,estimate
medieval,Nantes,-1.55,47.22,192,estimate
medieval,Rennes,-1.68,48.11,180.0,estimate
medieval,Bourges,2.4,47.08,120,estimate
medieval,Clermont,3.08,45.78,204.0,estimate
medieval,Limoges,1.26,45.83,192,estimate
medieval,Toulouse,1.44,43.6,336,estimate
medieval,Carcassonne,2.35,43.21,384,estimate
medieval,Montpellier,3.88,43.61,372.0,estimate
medieval,Perpignan,2.9,42.7,432,estimate
medieval,Barcelona,2.17,41.39,480,estimate
medieval,Dijon,5.04,47.32,156.0,estimate
medieval,Lyon,4.83,45.76,240,estimate
medieval,Avignon,4.81,43.95,312,estimate
medieval,Marseille,5.37,43.3,348.0,estimate
medieval,Aigues-Mortes,4.19,43.57,348.0,estimate
medieval,Nice,7.26,43.7,408,estimate
medieval,Geneva,6.14,46.2,264,estimate
medieval,Basel,7.59,47.56,252.0,estimate
medieval,Strasbourg,7.75,48.58,216,estimate
medieval,Metz,6.18,49.12,156.0,estimate
medieval,Nancy,6.18,48.69,168,estimate
medieval,Liege,5.57,50.63,180.0,estimate
medieval,Aachen,6.08,50.78,204.0,estimate
medieval,Cologne,6.96,50.94,228.0,estimate
medieval,Mainz,8.27,50.0,276.0,estimate
medieval,Frankfurt,8.68,50.11,300.0,estimate
medieval,Nuremberg,11.08,49.45,396.0,estimate
medieval,Regensburg,12.1,49.02,432,estimate
medieval,Vienna,16.37,48.21,552,estimate
medieval,Prague,14.42,50.08,480,estimate
medieval,Krakow,19.94,50.06,720,estimate
medieval,Buda,19.04,47.5,648,estimate
medieval,Hamburg,9.99,53.55,408,estimate
medieval,Lubeck,10.69,53.87,456,estimate
medieval,Bergen,5.32,60.39,720,estimate
medieval,Visby,18.4,57.45,600,estimate
medieval,Stockholm,18.07,59.33,720,estimate
medieval,Riga,24.11,56.95,720,estimate
medieval,Novgorod,31.27,58.52,912,estimate
medieval,Danzig,18.65,54.35,600,estimate
medieval,Turin,7.69,45.07,384,estimate
medieval,Milan,9.19,45.46,432,estimate
medieval,Genoa,8.95,44.41,420.0,estimate
medieval,Pisa,10.4,43.72,480,estimate
medieval,Florence,11.26,43.77,528,estimate
medieval,Bologna,11.34,44.49,528,estimate
medieval,Venice,12.33,45.44,552,estimate
medieval,Rome,12.5,41.9,672,estimate
medieval,Naples,14.27,40.85,744,estimate
medieval,Bari,16.87,41.12,864,estimate
medieval,Palermo,13.36,38.12,672,estimate
medieval,Cagliari,9.11,39.22,576,estimate
medieval,Ajaccio,8.74,41.92,480,estimate
medieval,Valencia,-0.38,39.47,624,estimate
medieval,Burgos,-3.7,42.34,504,estimate
medieval,Leon,-5.57,42.6,576,estimate
medieval,Santiago,-8.54,42.88,720,estimate
medieval,Toledo,-4.02,39.86,648,estimate
medieval,Lisbon,-9.14,38.72,864,estimate
medieval,Seville,-5.98,37.39,864,estimate
medieval,Granada,-3.6,37.18,912,estimate
medieval,Palma,2.65,39.57,576,estimate
medieval,Tunis,10.18,36.8,600,estimate
medieval,Bougie,5.08,36.75,576,estimate
medieval,Tlemcen,-1.32,34.88,960,estimate
medieval,Fez,-5.0,34.03,1080,estimate
medieval,Marrakesh,-7.99,31.63,1200,estimate
medieval,Sijilmasa,-4.27,31.28,1320,estimate
medieval,Alexandria,29.92,31.2,1008,estimate
medieval,Cairo,31.24,30.04,1080,estimate
medieval,Dongola,30.48,18.19,1680,estimate
medieval,Jaffa,34.75,32.05,1104,estimate
medieval,Jerusalem,35.23,31.78,1152,estimate
medieval,Damascus,36.29,33.51,1248,estimate
medieval,Aleppo,37.16,36.2,1320,estimate
medieval,Famagusta,33.94,35.12,960,estimate
medieval,Rhodes,28.22,36.44,912,estimate
medieval,Candia,25.13,35.34,840,estimate
medieval,Athens,23.73,37.98,912,estimate
medieval,Negroponte,23.6,38.46,864,estimate
medieval,Thessalonica,22.94,40.64,1080,estimate
medieval,Constantinople,28.98,41.01,1392,estimate
medieval,Trebizond,39.72,41.0,1680,estimate
medieval,Caffa,35.38,45.03,1680,estimate
medieval,Tana,39.4,47.2,1800,estimate
medieval,Sarai,47.0,46.8,2160,estimate
medieval,Tabriz,46.29,38.08,2280,estimate
medieval,Baghdad,44.36,33.31,2160,estimate
medieval,Hormuz,56.3,27.1,2880,estimate
medieval,Aden,45.03,12.79,2400,estimate
medieval,Mecca,39.83,21.42,1920,estimate
medieval,Calicut,75.78,11.25,3600,estimate
medieval,Quilon,76.6,8.89,3720,estimate
medieval,Cambay,72.62,22.3,3480,estimate
medieval,Delhi,77.21,28.61,4080,estimate
medieval,Kiev,30.52,50.45,1200,estimate
medieval,Moscow,37.62,55.76,1320,estimate
medieval,Urgench,60.63,41.55,2640,estimate
medieval,Samarkand,66.97,39.65,3120,estimate
medieval,Almaliq,80.5,44.0,3840,estimate
medieval,Karakorum,102.83,47.2,5280,estimate
medieval,Khanbaliq,116.4,39.9,6480,estimate
medieval,Hangzhou,120.16,30.27,6960,estimate
medieval,Quanzhou,118.59,24.87,6720,estimate
medieval,Timbuktu,-3.0,16.77,2640,estimate
medieval,Niani,-8.37,11.37,2880,estimate
medieval,Kilwa,39.51,-8.96,3600,estimate
medieval,Mogadishu,45.32,2.05,3240,estimate
medieval,Reykjavik,-21.9,64.15,1440,estimate
1800,Paris,2.35,48.86,0,sourced
1800,Saint-Quentin,3.29,49.85,24,sourced
1800,Reims,4.03,49.26,24,sourced
1800,Amiens,2.3,49.89,24,sourced
1800,Rouen,1.1,49.44,31.2,estimate
1800,Le Havre,0.1,49.49,48,estimate
1800,Caen,-0.37,49.18,48,sourced
1800,Cherbourg,-1.62,49.64,72,estimate
1800,Rennes,-1.68,48.11,72,sourced
1800,Brest,-4.49,48.39,132.0,estimate
1800,Nantes,-1.55,47.22,96,estimate
1800,Orleans,1.9,47.9,31.2,estimate
1800,Tours,0.69,47.39,48,estimate
1800,Poitiers,0.34,46.58,72,estimate
1800,Bordeaux,-0.58,44.84,132.0,sourced
1800,Bayonne,-1.47,43.49,192,estimate
1800,Toulouse,1.44,43.6,168,estimate
1800,Perpignan,2.9,42.7,216,estimate
1800,Montpellier,3.88,43.61,192,estimate
1800,Limoges,1.26,45.83,96,estimate
1800,Clermont,3.08,45.78,108.0,estimate
1800,Lille,3.06,50.63,48,sourced
1800,Calais,1.85,50.95,60.0,estimate
1800,Boulogne,1.61,50.73,55.2,estimate
1800,Dijon,5.04,47.32,72,sourced
1800,Besancon,6.02,47.24,96,sourced
1800,Lyon,4.83,45.76,108.0,sourced
1800,Grenoble,5.72,45.19,144,estimate
1800,Geneva,6.14,46.2,144,estimate
1800,Marseille,5.37,43.3,192,estimate
1800,Toulon,5.93,43.12,204.0,estimate
1800,Nice,7.26,43.7,240,estimate
1800,Metz,6.18,49.12,72,estimate
1800,Nancy,6.18,48.69,72,estimate
1800,Strasbourg,7.75,48.58,108.0,estimate
1800,Dover,1.31,51.13,84.0,estimate
1800,London,-0.13,51.51,108.0,estimate
1800,Oxford,-1.26,51.75,132.0,estimate
1800,Bristol,-2.59,51.45,144,estimate
1800,Birmingham,-1.9,52.48,144,estimate
1800,Manchester,-2.24,53.48,156.0,estimate
1800,Liverpool,-2.98,53.41,168,estimate
1800,York,-1.08,53.96,168,estimate
1800,Newcastle,-1.61,54.97,192,estimate
1800,Edinburgh,-3.19,55.95,216,estimate
1800,Glasgow,-4.25,55.86,228.0,estimate
1800,Aberdeen,-2.1,57.15,264,estimate
1800,Dublin,-6.26,53.35,216,estimate
1800,Cork,-8.47,51.9,264,estimate
1800,Belfast,-5.93,54.6,264,estimate
1800,Brussels,4.35,50.85,60.0,estimate
1800,Antwerp,4.4,51.22,72,estimate
1800,Amsterdam,4.9,52.37,96,estimate
1800,Rotterdam,4.48,51.92,84.0,estimate
1800,Liege,5.57,50.63,84.0,estimate
1800,Aachen,6.08,50.78,108.0,estimate
1800,Cologne,6.96,50.94,120,estimate
1800,Frankfurt,8.68,50.11,156.0,estimate
1800,Hamburg,9.99,53.55,240,estimate
1800,Berlin,13.4,52.52,240,estimate
1800,Munich,11.58,48.14,216,estimate
1800,Vienna,16.37,48.21,312,estimate
1800,Prague,14.42,50.08,288,estimate
1800,Dresden,13.74,51.05,264,estimate
1800,Leipzig,12.37,51.34,252.0,estimate
1800,Breslau,17.04,51.11,336,estimate
1800,Warsaw,21.01,52.23,408,estimate
1800,Konigsberg,20.51,54.71,432,estimate
1800,St Petersburg,30.32,59.94,600,estimate
1800,Moscow,37.62,55.76,720,estimate
1800,Riga,24.11,56.95,504,estimate
1800,Stockholm,18.07,59.33,480,estimate
1800,Copenhagen,12.57,55.68,336,estimate
1800,Oslo,10.75,59.91,480,estimate
1800,Kiev,30.52,50.45,672,estimate
1800,Basel,7.59,47.56,120,estimate
1800,Zurich,8.54,47.37,144,estimate
1800,Bern,7.45,46.95,144,estimate
1800,Turin,7.69,45.07,192,estimate
1800,Milan,9.19,45.46,216,estimate
1800,Genoa,8.95,44.41,240,estimate
1800,Venice,12.33,45.44,288,estimate
1800,Florence,11.26,43.77,288,estimate
1800,Rome,12.5,41.9,360,estimate
1800,Naples,14.27,40.85,432,estimate
1800,Bari,16.87,41.12,528,estimate
1800,Palermo,13.36,38.12,528,estimate
1800,Cagliari,9.11,39.22,432,estimate
1800,Ajaccio,8.74,41.92,288,estimate
1800,Madrid,-3.7,40.42,336,estimate
1800,Barcelona,2.17,41.39,264,estimate
1800,Valencia,-0.38,39.47,360,estimate
1800,Seville,-5.98,37.39,480,estimate
1800,Cadiz,-6.29,36.53,504,estimate
1800,Lisbon,-9.14,38.72,528,estimate
1800,Porto,-8.61,41.15,480,estimate
1800,Bilbao,-2.93,43.26,264,estimate
1800,Buda,19.04,47.5,384,estimate
1800,Belgrade,20.46,44.79,528,estimate
1800,Bucharest,26.1,44.43,672,estimate
1800,Constantinople,28.98,41.01,840,estimate
1800,Salonica,22.94,40.64,840,estimate
1800,Athens,23.73,37.98,912,estimate
1800,Smyrna,27.14,38.42,864,estimate
1800,Alexandria,29.92,31.2,720,estimate
1800,Cairo,31.24,30.04,792,estimate
1800,Jaffa,34.75,32.05,840,estimate
1800,Algiers,3.06,36.75,384,estimate
1800,Tunis,10.18,36.8,408,estimate
1800,Tangier,-5.83,35.76,600,estimate
1800,Tripoli,13.19,32.89,528,estimate
1800,Candia,25.13,35.34,768,estimate
1800,Palma,2.65,39.57,312,estimate
1800,Larnaca,33.63,34.92,960,estimate
1800,Visby,18.4,57.45,528,estimate
1800,Reykjavik,-21.9,64.15,960,estimate
1800,New York,-74.0,40.71,1080,estimate
1800,Boston,-71.06,42.36,1080,estimate
1800,Philadelphia,-75.17,39.95,1104,estimate
1800,Charleston,-79.93,32.78,1200,estimate
1800,Havana,-82.37,23.11,1320,estimate
1800,Quebec,-71.21,46.81,1200,estimate
1800,Montreal,-73.57,45.5,1320,estimate
1800,New Orleans,-90.07,29.95,1440,estimate
1800,Pittsburgh,-80.0,40.44,1320,estimate
1800,Martinique,-61.07,14.6,960,estimate
1800,Saint-Domingue,-72.34,18.54,1080,estimate
1800,Rio de Janeiro,-43.17,-22.91,1440,estimate
1800,Buenos Aires,-58.38,-34.6,1800,estimate
1800,Lima,-77.04,-12.05,3600,estimate
1800,Valparaiso,-71.62,-33.05,3120,estimate
1800,Veracruz,-96.13,19.2,1440,estimate
1800,Mexico City,-99.13,19.43,1560,estimate
1800,Caracas,-66.9,10.48,1200,estimate
1800,Cayenne,-52.33,4.92,1080,estimate
1800,Goree,-17.4,14.67,720,estimate
1800,Saint-Louis,-16.5,16.03,720,estimate
1800,Cape Town,18.42,-33.92,2160,estimate
1800,Ile de France,57.5,-20.16,2640,estimate
1800,Tamatave,49.4,-18.15,2760,estimate
1800,Luanda,13.23,-8.84,1680,estimate
1800,Mozambique,40.74,-15.03,2880,estimate
1800,Kilwa,39.51,-8.96,3120,estimate
1800,Timbuktu,-3.0,16.77,2160,estimate
1800,Bombay,72.88,19.08,3120,estimate
1800,Madras,80.27,13.08,2880,sourced
1800,Calcutta,88.36,22.57,4200,estimate
1800,Colombo,79.86,6.93,3000,estimate
1800,Penang,100.33,5.41,3600,estimate
1800,Batavia,106.85,-6.21,3840,estimate
1800,Canton,113.26,23.13,4440,sourced
1800,Manila,120.98,14.6,4560,estimate
1800,Nagasaki,129.87,32.75,5280,estimate
1800,Tobolsk,68.25,58.2,1320,estimate
1800,Irkutsk,104.28,52.29,2160,estimate
1800,Kiakhta,106.45,50.35,2400,estimate
1800,Peking,116.4,39.9,3120,estimate
1800,Tehran,51.39,35.69,1440,estimate
1800,Baghdad,44.36,33.31,1440,estimate
1800,Basra,47.78,30.51,1560,estimate
1800,Muscat,58.59,23.61,1920,estimate
1800,Aden,45.03,12.79,1440,estimate
1800,Mecca,39.83,21.42,1320,estimate
1800,Bukhara,64.42,39.77,2400,estimate
1800,Kabul,69.21,34.56,2640,estimate
1800,Delhi,77.21,28.61,3600,estimate
1800,Sydney,151.21,-33.87,4800,estimate
1800,Hobart,147.33,-42.88,5040,estimate
1800,Honolulu,-157.86,21.31,4800,estimate
1850,Paris,2.35,48.86,0,sourced
1850,Rouen,1.1,49.44,4,estimate
1850,Le Havre,0.1,49.49,6,estimate
1850,Orleans,1.9,47.9,4,estimate
1850,Tours,0.69,47.39,7,estimate
1850,Amiens,2.3,49.89,4,estimate
1850,Lille,3.06,50.63,7,estimate
1850,Brussels,4.35,50.85,12.5,sourced
1850,Boulogne,1.61,50.73,7,estimate
1850,Calais,1.85,50.95,8,estimate
1850,Dover,1.31,51.13,11,estimate
1850,London,-0.13,51.51,14,estimate
1850,Birmingham,-1.9,52.48,18,estimate
1850,Liverpool,-2.98,53.41,20,estimate
1850,Manchester,-2.24,53.48,20,estimate
1850,York,-1.08,53.96,20,estimate
1850,Edinburgh,-3.19,55.95,26,estimate
1850,Glasgow,-4.25,55.86,27,estimate
1850,Bristol,-2.59,51.45,18,estimate
1850,Dublin,-6.26,53.35,30,estimate
1850,Cork,-8.47,51.9,40,estimate
1850,Antwerp,4.4,51.22,15,estimate
1850,Amsterdam,4.9,52.37,28,estimate
1850,Liege,5.57,50.63,16,estimate
1850,Cologne,6.96,50.94,22,estimate
1850,Frankfurt,8.68,50.11,34,estimate
1850,Hamburg,9.99,53.55,50,estimate
1850,Berlin,13.4,52.52,60,estimate
1850,Munich,11.58,48.14,84.0,estimate
1850,Vienna,16.37,48.21,108.0,estimate
1850,Prague,14.42,50.08,96.0,estimate
1850,Breslau,17.04,51.11,96.0,estimate
1850,Warsaw,21.01,52.23,132.0,estimate
1850,Copenhagen,12.57,55.68,96.0,estimate
1850,Stockholm,18.07,59.33,168.0,estimate
1850,St Petersburg,30.32,59.94,240.0,estimate
1850,Moscow,37.62,55.76,336.0,estimate
1850,Riga,24.11,56.95,192.0,estimate
1850,Konigsberg,20.51,54.71,144.0,estimate
1850,Kiev,30.52,50.45,288.0,estimate
1850,Odessa,30.73,46.48,312.0,estimate
1850,Strasbourg,7.75,48.58,36.0,estimate
1850,Metz,6.18,49.12,28.8,estimate
1850,Nancy,6.18,48.69,28.8,estimate
1850,Dijon,5.04,47.32,21.6,estimate
1850,Lyon,4.83,45.76,31.2,sourced
1850,Marseille,5.37,43.3,60.0,estimate
1850,Toulon,5.93,43.12,64.8,estimate
1850,Nice,7.26,43.7,79.2,estimate
1850,Avignon,4.81,43.95,52.8,estimate
1850,Montpellier,3.88,43.61,67.2,estimate
1850,Toulouse,1.44,43.6,84.0,estimate
1850,Bordeaux,-0.58,44.84,48.0,estimate
1850,Bayonne,-1.47,43.49,72.0,estimate
1850,Nantes,-1.55,47.22,36.0,estimate
1850,Rennes,-1.68,48.11,31.2,estimate
1850,Brest,-4.49,48.39,72.0,estimate
1850,Caen,-0.37,49.18,19.2,estimate
1850,Cherbourg,-1.62,49.64,28.8,estimate
1850,Limoges,1.26,45.83,36.0,estimate
1850,Clermont,3.08,45.78,43.2,estimate
1850,Perpignan,2.9,42.7,84.0,estimate
1850,Geneva,6.14,46.2,60.0,estimate
1850,Basel,7.59,47.56,48.0,estimate
1850,Zurich,8.54,47.37,60.0,estimate
1850,Turin,7.69,45.07,96.0,estimate
1850,Milan,9.19,45.46,108.0,estimate
1850,Genoa,8.95,44.41,96.0,estimate
1850,Venice,12.33,45.44,132.0,estimate
1850,Florence,11.26,43.77,120.0,estimate
1850,Livorno,10.31,43.55,108.0,estimate
1850,Rome,12.5,41.9,144.0,estimate
1850,Naples,14.27,40.85,156.0,estimate
1850,Palermo,13.36,38.12,168.0,estimate
1850,Ajaccio,8.74,41.92,96.0,estimate
1850,Cagliari,9.11,39.22,144.0,estimate
1850,Barcelona,2.17,41.39,120.0,estimate
1850,Madrid,-3.7,40.42,144.0,estimate
1850,Valencia,-0.38,39.47,168.0,estimate
1850,Seville,-5.98,37.39,216.0,estimate
1850,Cadiz,-6.29,36.53,228.0,estimate
1850,Lisbon,-9.14,38.72,216.0,estimate
1850,Porto,-8.61,41.15,216.0,estimate
1850,Bilbao,-2.93,43.26,96.0,estimate
1850,Palma,2.65,39.57,120.0,estimate
1850,Buda,19.04,47.5,144.0,estimate
1850,Belgrade,20.46,44.79,216.0,estimate
1850,Bucharest,26.1,44.43,264.0,estimate
1850,Constantinople,28.98,41.01,240.0,estimate
1850,Salonica,22.94,40.64,240.0,estimate
1850,Athens,23.73,37.98,192.0,estimate
1850,Smyrna,27.14,38.42,240.0,estimate
1850,Candia,25.13,35.34,240.0,estimate
1850,Larnaca,33.63,34.92,312.0,estimate
1850,Beirut,35.5,33.89,336.0,estimate
1850,Jaffa,34.75,32.05,336.0,estimate
1850,Alexandria,29.92,31.2,312.0,sourced
1850,Cairo,31.24,30.04,360.0,estimate
1850,Suez,32.55,29.97,384.0,estimate
1850,Algiers,3.06,36.75,120.0,estimate
1850,Oran,-0.63,35.7,144.0,estimate
1850,Tunis,10.18,36.8,144.0,estimate
1850,Tangier,-5.83,35.76,240.0,estimate
1850,Tripoli,13.19,32.89,216.0,estimate
1850,Malta,14.51,35.9,144.0,estimate
1850,Reykjavik,-21.9,64.15,480.0,estimate
1850,Visby,18.4,57.45,144.0,estimate
1850,New York,-74.0,40.71,288.0,sourced
1850,Boston,-71.06,42.36,300.0,estimate
1850,Halifax,-63.57,44.65,264.0,estimate
1850,Montreal,-73.57,45.5,336.0,estimate
1850,Quebec,-71.21,46.81,336.0,estimate
1850,Philadelphia,-75.17,39.95,300.0,estimate
1850,Washington,-77.04,38.9,312.0,estimate
1850,Charleston,-79.93,32.78,360.0,estimate
1850,Chicago,-87.63,41.88,408.0,estimate
1850,New Orleans,-90.07,29.95,480.0,estimate
1850,St Louis,-90.2,38.63,456.0,estimate
1850,Havana,-82.37,23.11,528.0,estimate
1850,Panama,-79.52,8.98,600.0,estimate
1850,San Francisco,-122.42,37.77,1080.0,estimate
1850,Mexico City,-99.13,19.43,840.0,estimate
1850,Veracruz,-96.13,19.2,720.0,estimate
1850,Kingston,-76.79,17.97,528.0,estimate
1850,Martinique,-61.07,14.6,480.0,estimate
1850,Caracas,-66.9,10.48,600.0,estimate
1850,Cayenne,-52.33,4.92,600.0,estimate
1850,Rio de Janeiro,-43.17,-22.91,840.0,estimate
1850,Salvador,-38.5,-12.97,720.0,estimate
1850,Recife,-34.88,-8.05,672.0,estimate
1850,Buenos Aires,-58.38,-34.6,1080.0,estimate
1850,Montevideo,-56.16,-34.9,1056.0,estimate
1850,Valparaiso,-71.62,-33.05,1440.0,estimate
1850,Lima,-77.04,-12.05,960.0,estimate
1850,Goree,-17.4,14.67,360.0,estimate
1850,Saint-Louis,-16.5,16.03,384.0,estimate
1850,Cape Town,18.42,-33.92,1080.0,estimate
1850,Luanda,13.23,-8.84,960.0,estimate
1850,Ile de France,57.5,-20.16,1200.0,estimate
1850,Zanzibar,39.2,-6.16,1080.0,estimate
1850,Tamatave,49.4,-18.15,1200.0,estimate
1850,Aden,45.03,12.79,480.0,estimate
1850,Jeddah,39.19,21.49,480.0,estimate
1850,Muscat,58.59,23.61,624.0,estimate
1850,Bombay,72.88,19.08,648.0,sourced
1850,Madras,80.27,13.08,792.0,estimate
1850,Calcutta,88.36,22.57,840.0,estimate
1850,Colombo,79.86,6.93,720.0,estimate
1850,Delhi,77.21,28.61,840.0,estimate
1850,Karachi,67.0,24.86,720.0,estimate
1850,Singapore,103.82,1.35,960.0,estimate
1850,Penang,100.33,5.41,912.0,estimate
1850,Batavia,106.85,-6.21,1080.0,estimate
1850,Hong Kong,114.17,22.3,1080.0,estimate
1850,Canton,113.26,23.13,1104.0,estimate
1850,Shanghai,121.47,31.23,1200.0,estimate
1850,Manila,120.98,14.6,1320.0,estimate
1850,Nagasaki,129.87,32.75,1680.0,estimate
1850,Peking,116.4,39.9,1680.0,estimate
1850,Tehran,51.39,35.69,720.0,estimate
1850,Baghdad,44.36,33.31,720.0,estimate
1850,Tiflis,44.79,41.72,480.0,estimate
1850,Tobolsk,68.25,58.2,720.0,estimate
1850,Irkutsk,104.28,52.29,1200.0,estimate
1850,Kiakhta,106.45,50.35,1320.0,estimate
1850,Bukhara,64.42,39.77,1320.0,estimate
1850,Sydney,151.21,-33.87,1920.0,estimate
1850,Melbourne,144.96,-37.81,1920.0,estimate
1850,Adelaide,138.6,-34.93,1968.0,estimate
1850,Hobart,147.33,-42.88,1968.0,estimate
1850,Fremantle,115.86,-31.95,1800.0,estimate
1850,Auckland,174.76,-36.85,2280.0,estimate
1850,Honolulu,-157.86,21.31,1440.0,estimate
1850,Timbuktu,-3.0,16.77,1440.0,estimate
1914,Paris,2.35,48.86,0,sourced
1914,Rouen,1.1,49.44,2,estimate
1914,Le Havre,0.1,49.49,3.5,estimate
1914,Lille,3.06,50.63,3.5,estimate
1914,Reims,4.03,49.26,2.5,estimate
1914,Caen,-0.37,49.18,4,estimate
1914,Cherbourg,-1.62,49.64,6.5,estimate
1914,Rennes,-1.68,48.11,6,estimate
1914,Brest,-4.49,48.39,11,estimate
1914,Nantes,-1.55,47.22,6.5,estimate
1914,Tours,0.69,47.39,3.5,estimate
1914,Bordeaux,-0.58,44.84,7,estimate
1914,Bayonne,-1.47,43.49,9.5,sourced
1914,Toulouse,1.44,43.6,11,estimate
1914,Perpignan,2.9,42.7,14,estimate
1914,Limoges,1.26,45.83,5.5,estimate
1914,Clermont,3.08,45.78,7,estimate
1914,Lyon,4.83,45.76,7,estimate
1914,Grenoble,5.72,45.19,10,estimate
1914,Marseille,5.37,43.3,12,estimate
1914,Toulon,5.93,43.12,13,estimate
1914,Nice,7.26,43.7,15,estimate
1914,Dijon,5.04,47.32,4.5,estimate
1914,Nancy,6.18,48.69,5,estimate
1914,Strasbourg,7.75,48.58,7.5,estimate
1914,Metz,6.18,49.12,6.5,estimate
1914,Basel,7.59,47.56,9,estimate
1914,Geneva,6.14,46.2,10,estimate
1914,Ajaccio,8.74,41.92,30,estimate
1914,Dover,1.31,51.13,5.5,sourced
1914,London,-0.13,51.51,7.5,sourced
1914,Birmingham,-1.9,52.48,10,estimate
1914,Manchester,-2.24,53.48,11.5,estimate
1914,Liverpool,-2.98,53.41,12,estimate
1914,Leeds,-1.55,53.8,12,estimate
1914,Newcastle,-1.61,54.97,14,estimate
1914,Edinburgh,-3.19,55.95,16,estimate
1914,Glasgow,-4.25,55.86,16.5,estimate
1914,Aberdeen,-2.1,57.15,20,estimate
1914,Inverness,-4.22,57.48,22,estimate
1914,Cardiff,-3.18,51.48,11,estimate
1914,Plymouth,-4.14,50.37,12.5,estimate
1914,Dublin,-6.26,53.35,18,estimate
1914,Belfast,-5.93,54.6,22,estimate
1914,Cork,-8.47,51.9,24,estimate
1914,Galway,-9.05,53.27,24,estimate
1914,Brussels,4.35,50.85,4.5,estimate
1914,Antwerp,4.4,51.22,5.5,estimate
1914,Amsterdam,4.9,52.37,8,estimate
1914,Rotterdam,4.48,51.92,7,estimate
1914,Liege,5.57,50.63,6.5,estimate
1914,Luxembourg,6.13,49.61,7,estimate
1914,Groningen,6.57,53.22,11,estimate
1914,Cologne,6.96,50.94,9,estimate
1914,Frankfurt,8.68,50.11,11,estimate
1914,Hamburg,9.99,53.55,15,estimate
1914,Berlin,13.4,52.52,18,sourced
1914,Munich,11.58,48.14,15,estimate
1914,Stuttgart,9.18,48.78,11,estimate
1914,Leipzig,12.37,51.34,17,estimate
1914,Dresden,13.74,51.05,19,estimate
1914,Breslau,17.04,51.11,24,estimate
1914,Konigsberg,20.51,54.71,28,estimate
1914,Danzig,18.65,54.35,28,estimate
1914,Kiel,10.14,54.32,17,estimate
1914,Zurich,8.54,47.37,10,estimate
1914,Bern,7.45,46.95,10.5,estimate
1914,Turin,7.69,45.07,13,estimate
1914,Milan,9.19,45.46,15,estimate
1914,Genoa,8.95,44.41,16,estimate
1914,Venice,12.33,45.44,21,estimate
1914,Florence,11.26,43.77,21,estimate
1914,Rome,12.5,41.9,26,estimate
1914,Naples,14.27,40.85,32,estimate
1914,Bari,16.87,41.12,36,estimate
1914,Brindisi,17.94,40.63,38,sourced
1914,Reggio,15.65,38.11,40,estimate
1914,Palermo,13.36,38.12,46,estimate
1914,Catania,15.09,37.5,44,estimate
1914,Cagliari,9.11,39.22,40,estimate
1914,Sassari,8.56,40.73,38,estimate
1914,Barcelona,2.17,41.39,20,estimate
1914,Madrid,-3.7,40.42,26.5,sourced
1914,Lisbon,-9.14,38.72,40,estimate
1914,Porto,-8.61,41.15,38,estimate
1914,Seville,-5.98,37.39,40,estimate
1914,Valencia,-0.38,39.47,34,estimate
1914,Bilbao,-2.93,43.26,17,estimate
1914,Malaga,-4.42,36.72,42,estimate
1914,Vigo,-8.72,42.24,40,estimate
1914,Palma,2.65,39.57,36,estimate
1914,Vienna,16.37,48.21,28,estimate
1914,Prague,14.42,50.08,26,estimate
1914,Budapest,19.04,47.5,34,estimate
1914,Trieste,13.77,45.65,27,estimate
1914,Krakow,19.94,50.06,34,estimate
1914,Lemberg,24.03,49.84,42,estimate
1914,Zagreb,15.98,45.81,34,estimate
1914,Sarajevo,18.41,43.86,50,estimate
1914,Belgrade,20.46,44.79,44,estimate
1914,Sofia,23.32,42.7,55,estimate
1914,Bucharest,26.1,44.43,50,estimate
1914,Constantinople,28.98,41.01,67.5,sourced
1914,Salonika,22.94,40.64,60,estimate
1914,Athens,23.73,37.98,80,estimate
1914,Varna,27.91,43.21,60,estimate
1914,Czernowitz,25.94,48.29,48,estimate
1914,Copenhagen,12.57,55.68,28,estimate
1914,Malmo,13.0,55.6,27,estimate
1914,Gothenburg,11.97,57.71,36,estimate
1914,Oslo,10.75,59.91,45,estimate
1914,Stockholm,18.07,59.33,42,estimate
1914,Bergen,5.32,60.39,60,estimate
1914,Trondheim,10.4,63.43,62,estimate
1914,Sundsvall,17.3,62.39,54,estimate
1914,Lulea,22.15,65.58,66,estimate
1914,Narvik,17.43,68.44,76,estimate
1914,Helsinki,24.94,60.17,62,estimate
1914,Turku,22.27,60.45,60,estimate
1914,Oulu,25.47,65.01,76,estimate
1914,Aarhus,10.2,56.16,30,estimate
1914,Warsaw,21.01,52.23,36,estimate
1914,Vilnius,25.28,54.69,42,estimate
1914,Riga,24.11,56.95,44,estimate
1914,St Petersburg,30.32,59.94,48,sourced
1914,Moscow,37.62,55.76,64,sourced
1914,Kiev,30.52,50.45,60,estimate
1914,Odessa,30.73,46.48,70,estimate
1914,Kharkov,36.23,49.99,78,estimate
1914,Minsk,27.56,53.9,46,estimate
1914,Smolensk,32.05,54.78,52,estimate
1914,Rostov,39.72,47.23,90,estimate
1914,Tsaritsyn,44.51,48.71,96,estimate
1914,Samara,50.1,53.2,108,estimate
1914,Kazan,49.11,55.8,96,estimate
1914,Nizhny Novgorod,44.0,56.33,80,estimate
1914,Arkhangelsk,40.52,64.54,100,estimate
1914,Vologda,39.89,59.22,78,estimate
1914,Petrozavodsk,34.36,61.79,90,estimate
1914,Sevastopol,33.52,44.62,84,estimate
1914,Tiflis,44.79,41.72,110,estimate
1914,Baku,49.87,40.41,120.0,estimate
1914,Batum,41.64,41.65,104,estimate
1914,Voronezh,39.2,51.66,76,estimate
1914,Smyrna,27.14,38.42,90,estimate
1914,Ankara,32.86,39.93,85,estimate
1914,Konya,32.49,37.87,95,estimate
1914,Trebizond,39.72,41.0,120,estimate
1914,Aleppo,37.16,36.2,144.0,estimate
1914,Beirut,35.5,33.89,144.0,estimate
1914,Jaffa,34.75,32.05,144.0,estimate
1914,Damascus,36.29,33.51,156.0,estimate
1914,Port Said,32.3,31.26,100.8,sourced
1914,Alexandria,29.92,31.2,108.0,estimate
1914,Cairo,31.24,30.04,112.8,estimate
1914,Algiers,3.06,36.75,45,estimate
1914,Oran,-0.63,35.7,50,estimate
1914,Tunis,10.18,36.8,52,estimate
1914,Tangier,-5.83,35.76,55,estimate
1914,Constantine,6.61,36.36,55,estimate
1914,Casablanca,-7.59,33.57,96.0,estimate
1914,Tripoli,13.19,32.89,108.0,estimate
1914,Benghazi,20.07,32.12,144.0,estimate
1914,Reykjavik,-21.9,64.15,168.0,estimate
1914,Candia,25.13,35.34,120.0,estimate
1914,Visby,18.29,57.64,46,estimate
1914,Larnaca,33.63,34.92,168.0,estimate
1914,Syracuse,15.29,37.08,46,estimate
1914,Valletta,14.51,35.9,50,estimate
1914,New York,-74.0,40.71,156.0,sourced
1914,Boston,-71.06,42.36,168.0,estimate
1914,Halifax,-63.57,44.65,180.0,estimate
1914,Quebec,-71.21,46.81,204.0,estimate
1914,Montreal,-73.57,45.5,204.0,estimate
1914,Washington,-77.04,38.9,168.0,estimate
1914,Chicago,-87.63,41.88,187.2,estimate
1914,New Orleans,-90.07,29.95,211.2,estimate
1914,Denver,-104.99,39.74,220.8,estimate
1914,San Francisco,-122.42,37.77,252.0,estimate
1914,Los Angeles,-118.24,34.05,252.0,estimate
1914,Seattle,-122.33,47.61,259.2,estimate
1914,Winnipeg,-97.14,49.9,228.0,estimate
1914,Vancouver,-123.12,49.28,276.0,estimate
1914,Edmonton,-113.49,53.55,264.0,estimate
1914,Dallas,-96.8,32.78,216.0,estimate
1914,Miami,-80.19,25.76,216.0,estimate
1914,Havana,-82.37,23.11,252.0,estimate
1914,Mexico City,-99.13,19.43,264.0,estimate
1914,Panama,-79.52,8.98,312.0,estimate
1914,Dawson,-139.43,64.06,480.0,estimate
1914,Juneau,-134.42,58.3,360.0,estimate
1914,Anchorage,-149.9,61.22,408.0,estimate
1914,Nome,-165.41,64.5,528.0,estimate
1914,Churchill,-94.16,58.77,600.0,estimate
1914,St Johns,-52.71,47.56,192.0,estimate
1914,Kingston,-76.79,17.97,312.0,estimate
1914,Fort-de-France,-61.07,14.6,264.0,estimate
1914,Caracas,-66.9,10.48,336.0,estimate
1914,Bogota,-74.07,4.71,528.0,estimate
1914,Quito,-78.47,-0.18,576.0,estimate
1914,Lima,-77.04,-12.05,576.0,estimate
1914,La Paz,-68.15,-16.5,624.0,estimate
1914,Recife,-34.88,-8.05,288.0,estimate
1914,Salvador,-38.5,-12.97,324.0,estimate
1914,Rio de Janeiro,-43.17,-22.91,360.0,estimate
1914,Sao Paulo,-46.63,-23.55,384.0,estimate
1914,Montevideo,-56.16,-34.9,420.0,estimate
1914,Buenos Aires,-58.38,-34.6,432.0,estimate
1914,Valparaiso,-71.62,-33.05,504.0,estimate
1914,Manaus,-60.02,-3.12,528.0,estimate
1914,Belem,-48.5,-1.46,336.0,estimate
1914,Cayenne,-52.33,4.92,312.0,estimate
1914,Punta Arenas,-70.91,-53.16,672.0,estimate
1914,Bahia Blanca,-62.27,-38.72,468.0,estimate
1914,Cordoba,-64.18,-31.42,468.0,estimate
1914,Asuncion,-57.58,-25.26,504.0,estimate
1914,Antofagasta,-70.4,-23.65,600.0,estimate
1914,Dakar,-17.47,14.72,192.0,estimate
1914,Saint-Louis,-16.5,16.03,216.0,estimate
1914,Kayes,-11.43,14.45,288.0,estimate
1914,Bamako,-8.0,12.64,336.0,estimate
1914,Timbuktu,-3.0,16.77,528.0,estimate
1914,Conakry,-13.71,9.51,264.0,estimate
1914,Freetown,-13.23,8.48,264.0,estimate
1914,Abidjan,-4.03,5.35,312.0,estimate
1914,Accra,-0.2,5.6,336.0,estimate
1914,Lagos,3.39,6.52,360.0,estimate
1914,Kano,8.52,12.0,480.0,estimate
1914,Douala,9.7,4.05,408.0,estimate
1914,Libreville,9.45,0.39,408.0,estimate
1914,Brazzaville,15.28,-4.27,576.0,estimate
1914,Matadi,13.45,-5.83,504.0,estimate
1914,Luanda,13.23,-8.84,480.0,estimate
1914,Windhoek,17.08,-22.56,528.0,estimate
1914,Cape Town,18.42,-33.92,444.0,estimate
1914,Kimberley,24.76,-28.74,480.0,estimate
1914,Johannesburg,28.05,-26.2,492.0,estimate
1914,Durban,31.02,-29.86,504.0,estimate
1914,Bulawayo,28.59,-20.15,540.0,estimate
1914,Lourenco Marques,32.57,-25.97,528.0,estimate
1914,Beira,34.84,-19.84,528.0,estimate
1914,Elisabethville,27.48,-11.66,624.0,estimate
1914,Dar es Salaam,39.28,-6.79,468.0,estimate
1914,Zanzibar,39.2,-6.16,456.0,estimate
1914,Mombasa,39.67,-4.04,432.0,estimate
1914,Nairobi,36.82,-1.29,456.0,estimate
1914,Kisumu,34.76,-0.09,480.0,estimate
1914,Kampala,32.58,0.35,504.0,estimate
1914,Tabora,32.8,-5.02,552.0,estimate
1914,Tamatave,49.4,-18.15,528.0,estimate
1914,Tananarive,47.52,-18.88,576.0,estimate
1914,Djibouti,43.15,11.59,240.0,estimate
1914,Dire Dawa,41.87,9.6,276.0,estimate
1914,Addis Ababa,38.75,9.03,360.0,estimate
1914,Port Sudan,37.22,19.62,216.0,estimate
1914,Khartoum,32.53,15.5,252.0,estimate
1914,Wadi Halfa,31.35,21.8,204.0,estimate
1914,Aswan,32.9,24.09,168.0,estimate
1914,Massawa,39.45,15.61,240.0,estimate
1914,Mogadishu,45.32,2.05,384.0,estimate
1914,Fort-Lamy,15.05,12.1,720.0,estimate
1914,Aden,45.03,12.79,228.0,estimate
1914,Jeddah,39.19,21.49,192.0,estimate
1914,Muscat,58.59,23.61,360.0,estimate
1914,Basra,47.78,30.51,384.0,estimate
1914,Baghdad,44.36,33.31,336.0,estimate
1914,Tehran,51.39,35.69,216.0,estimate
1914,Karachi,67.0,24.86,360.0,estimate
1914,Bombay,72.88,19.08,396.0,sourced
1914,Delhi,77.21,28.61,432.0,estimate
1914,Lahore,74.34,31.55,444.0,estimate
1914,Peshawar,71.57,34.01,456.0,estimate
1914,Madras,80.27,13.08,444.0,estimate
1914,Calcutta,88.36,22.57,456.0,estimate
1914,Colombo,79.86,6.93,420.0,estimate
1914,Rangoon,96.2,16.84,528.0,estimate
1914,Mandalay,96.08,21.97,564.0,estimate
1914,Bangkok,100.5,13.75,624.0,estimate
1914,Singapore,103.82,1.35,552.0,estimate
1914,Saigon,106.66,10.76,624.0,estimate
1914,Hanoi,105.85,21.03,624.0,estimate
1914,Batavia,106.85,-6.21,600.0,estimate
1914,Surabaya,112.75,-7.25,624.0,estimate
1914,Medan,98.67,3.6,576.0,estimate
1914,Manila,120.98,14.6,600.0,estimate
1914,Hong Kong,114.17,22.3,504.0,estimate
1914,Canton,113.26,23.13,516.0,estimate
1914,Shanghai,121.47,31.23,408.0,estimate
1914,Hankow,114.3,30.59,444.0,estimate
1914,Tsingtao,120.38,36.07,384.0,estimate
1914,Peking,116.4,39.9,324.0,estimate
1914,Mukden,123.43,41.8,300.0,estimate
1914,Dairen,121.61,38.91,312.0,estimate
1914,Harbin,126.53,45.8,276.0,estimate
1914,Vladivostok,131.89,43.12,300.0,estimate
1914,Khabarovsk,135.07,48.48,312.0,estimate
1914,Seoul,126.98,37.57,348.0,estimate
1914,Busan,129.08,35.18,372.0,estimate
1914,Tokyo,139.69,35.69,408.0,sourced
1914,Osaka,135.5,34.69,396.0,estimate
1914,Tsuruga,136.06,35.65,384.0,estimate
1914,Sapporo,141.35,43.06,444.0,estimate
1914,Nagasaki,129.87,32.75,408.0,estimate
1914,Taipei,121.56,25.04,480.0,estimate
1914,Chengdu,104.07,30.67,720.0,estimate
1914,Kunming,102.71,25.04,720.0,estimate
1914,Chita,113.5,52.03,240.0,estimate
1914,Irkutsk,104.28,52.29,204.0,estimate
1914,Krasnoyarsk,92.87,56.01,180.0,estimate
1914,Novonikolaevsk,82.93,55.03,163.2,estimate
1914,Omsk,73.37,54.99,144.0,estimate
1914,Chelyabinsk,61.4,55.16,124.8,estimate
1914,Yekaterinburg,60.6,56.84,120.0,estimate
1914,Orenburg,55.1,51.77,120.0,estimate
1914,Tashkent,69.24,41.3,168.0,estimate
1914,Samarkand,66.97,39.65,180.0,estimate
1914,Ashkhabad,58.38,37.95,168.0,estimate
1914,Merv,61.83,37.6,175.2,estimate
1914,Krasnovodsk,52.97,40.02,144.0,estimate
1914,Kabul,69.21,34.56,384.0,estimate
1914,Urga,106.92,47.92,336.0,estimate
1914,Kiakhta,106.45,50.35,264.0,estimate
1914,Yakutsk,129.73,62.03,528.0,estimate
1914,Blagoveshchensk,127.53,50.27,312.0,estimate
1914,Nikolaevsk,140.73,53.14,384.0,estimate
1914,Okhotsk,143.24,59.36,600.0,estimate
1914,Petropavlovsk,158.65,53.02,600.0,estimate
1914,Tobolsk,68.25,58.2,180.0,estimate
1914,Semipalatinsk,80.23,50.41,204.0,estimate
1914,Verny,76.95,43.24,264.0,estimate
1914,Kashgar,75.99,39.47,384.0,estimate
1914,Lhasa,91.17,29.65,768.0,estimate
1914,Urumqi,87.6,43.8,480.0,estimate
1914,Fremantle,115.86,-31.95,672.0,estimate
1914,Adelaide,138.6,-34.93,768.0,estimate
1914,Melbourne,144.96,-37.81,816.0,estimate
1914,Sydney,151.21,-33.87,864.0,estimate
1914,Brisbane,153.03,-27.47,912.0,estimate
1914,Hobart,147.33,-42.88,864.0,estimate
1914,Darwin,130.84,-12.46,816.0,estimate
1914,Townsville,146.82,-19.26,936.0,estimate
1914,Kalgoorlie,121.47,-30.75,708.0,estimate
1914,Broken Hill,141.47,-31.95,804.0,estimate
1914,Auckland,174.76,-36.85,960.0,estimate
1914,Wellington,174.78,-41.29,984.0,estimate
1914,Christchurch,172.64,-43.53,996.0,estimate
1914,Port Moresby,147.18,-9.44,960.0,estimate
1914,Honolulu,-157.86,21.31,396.0,estimate
1914,Godthab,-51.7,64.18,720.0,estimate
1914,Makassar,119.42,-5.14,672.0,estimate
1914,Menado,124.84,1.47,720.0,estimate
1914,Cebu,123.89,10.32,648.0,estimate
1914,Zamboanga,122.07,6.92,672.0,estimate
1914,Santiago de Cuba,-75.82,20.02,288.0,estimate
1914,Port-au-Prince,-72.34,18.54,312.0,estimate
1914,Camaguey,-77.92,21.38,276.0,estimate
1950,Paris,2.35,48.86,0,sourced
1950,London,-0.13,51.51,3,estimate
1950,Brussels,4.35,50.85,3,estimate
1950,Amsterdam,4.9,52.37,3.5,estimate
1950,Lille,3.06,50.63,3.5,estimate
1950,Rouen,1.1,49.44,1.5,estimate
1950,Le Havre,0.1,49.49,2.5,estimate
1950,Reims,4.03,49.26,2,estimate
1950,Caen,-0.37,49.18,2.5,estimate
1950,Rennes,-1.68,48.11,4.5,estimate
1950,Brest,-4.49,48.39,6,estimate
1950,Nantes,-1.55,47.22,4,estimate
1950,Tours,0.69,47.39,2.5,estimate
1950,Bordeaux,-0.58,44.84,4,estimate
1950,Toulouse,1.44,43.6,4.5,estimate
1950,Montpellier,3.88,43.61,5,estimate
1950,Marseille,5.37,43.3,4,estimate
1950,Nice,7.26,43.7,4.5,estimate
1950,Lyon,4.83,45.76,3.5,estimate
1950,Grenoble,5.72,45.19,5,estimate
1950,Geneva,6.14,46.2,3,estimate
1950,Strasbourg,7.75,48.58,4.5,estimate
1950,Dijon,5.04,47.32,3,estimate
1950,Clermont,3.08,45.78,5,estimate
1950,Limoges,1.26,45.83,5,estimate
1950,Ajaccio,8.74,41.92,5,estimate
1950,Cagliari,9.11,39.22,6,estimate
1950,Zurich,8.54,47.37,3,estimate
1950,Frankfurt,8.68,50.11,4,estimate
1950,Cologne,6.96,50.94,4.5,estimate
1950,Munich,11.58,48.14,5,estimate
1950,Berlin,13.4,52.52,6,estimate
1950,Hamburg,9.99,53.55,5,estimate
1950,Copenhagen,12.57,55.68,5,estimate
1950,Oslo,10.75,59.91,7,estimate
1950,Stockholm,18.07,59.33,7,estimate
1950,Helsinki,24.94,60.17,10,estimate
1950,Vienna,16.37,48.21,6,estimate
1950,Prague,14.42,50.08,6,estimate
1950,Warsaw,21.01,52.23,8,estimate
1950,Budapest,19.04,47.5,8,estimate
1950,Rome,12.5,41.9,5,estimate
1950,Milan,9.19,45.46,4,estimate
1950,Naples,14.27,40.85,7,estimate
1950,Venice,12.33,45.44,5,estimate
1950,Palermo,13.36,38.12,9,estimate
1950,Madrid,-3.7,40.42,5,estimate
1950,Barcelona,2.17,41.39,4,estimate
1950,Seville,-5.98,37.39,8,estimate
1950,Lisbon,-9.14,38.72,7,estimate
1950,Athens,23.73,37.98,10,estimate
1950,Istanbul,28.98,41.01,12,estimate
1950,Ankara,32.86,39.93,14,estimate
1950,Moscow,37.62,55.76,30,estimate
1950,Leningrad,30.32,59.94,36,estimate
1950,Kiev,30.52,50.45,36,estimate
1950,Bucharest,26.1,44.43,14,estimate
1950,Belgrade,20.46,44.79,10,estimate
1950,Sofia,23.32,42.7,14,estimate
1950,Algiers,3.06,36.75,5,estimate
1950,Tunis,10.18,36.8,5,estimate
1950,Casablanca,-7.59,33.57,7,estimate
1950,Cairo,31.24,30.04,14,estimate
1950,Beirut,35.5,33.89,13,estimate
1950,Tel Aviv,34.78,32.08,12,estimate
1950,Reykjavik,-21.9,64.15,12,estimate
1950,Dublin,-6.26,53.35,4,estimate
1950,Edinburgh,-3.19,55.95,5,estimate
1950,Manchester,-2.24,53.48,4,estimate
1950,Larnaca,33.63,34.92,12,estimate
1950,Candia,25.13,35.34,12,estimate
1950,Palma,2.65,39.57,5,estimate
1950,Visby,18.4,57.45,10,estimate
1950,Riga,24.11,56.95,20,estimate
1950,New York,-74.0,40.71,20,sourced
1950,Boston,-71.06,42.36,20,estimate
1950,Montreal,-73.57,45.5,20,estimate
1950,Washington,-77.04,38.9,23,estimate
1950,Chicago,-87.63,41.88,25,estimate
1950,Los Angeles,-118.24,34.05,32,estimate
1950,San Francisco,-122.42,37.77,32,estimate
1950,Seattle,-122.33,47.61,34,estimate
1950,Vancouver,-123.12,49.28,34,estimate
1950,Dallas,-96.8,32.78,30,estimate
1950,Miami,-80.19,25.76,28,estimate
1950,Mexico City,-99.13,19.43,35,estimate
1950,Havana,-82.37,23.11,30,estimate
1950,Caracas,-66.9,10.48,30,estimate
1950,Bogota,-74.07,4.71,36,estimate
1950,Lima,-77.04,-12.05,45,estimate
1950,Rio de Janeiro,-43.17,-22.91,36,estimate
1950,Sao Paulo,-46.63,-23.55,38,estimate
1950,Buenos Aires,-58.38,-34.6,45,estimate
1950,Santiago,-70.67,-33.45,50,estimate
1950,Manaus,-60.02,-3.12,50,estimate
1950,Winnipeg,-97.14,49.9,30,estimate
1950,Anchorage,-149.9,61.22,40,estimate
1950,Honolulu,-157.86,21.31,40,estimate
1950,Dakar,-17.47,14.72,16,estimate
1950,Abidjan,-4.03,5.35,22,estimate
1950,Lagos,3.39,6.52,24,estimate
1950,Kinshasa,15.27,-4.33,30,estimate
1950,Johannesburg,28.05,-26.2,40,estimate
1950,Cape Town,18.42,-33.92,44,estimate
1950,Nairobi,36.82,-1.29,32,estimate
1950,Addis Ababa,38.75,9.03,30,estimate
1950,Khartoum,32.53,15.5,22,estimate
1950,Tananarive,47.52,-18.88,40,estimate
1950,Timbuktu,-3.0,16.77,40,estimate
1950,Kano,8.52,12.0,28,estimate
1950,Tehran,51.39,35.69,24,estimate
1950,Baghdad,44.36,33.31,20,estimate
1950,Dubai,55.27,25.2,30,estimate
1950,Karachi,67.0,24.86,30,estimate
1950,Bombay,72.88,19.08,33,estimate
1950,Delhi,77.21,28.61,32,estimate
1950,Calcutta,88.36,22.57,38,estimate
1950,Colombo,79.86,6.93,40,estimate
1950,Bangkok,100.5,13.75,45,estimate
1950,Saigon,106.66,10.76,45,estimate
1950,Hong Kong,114.17,22.3,55,estimate
1950,Manila,120.98,14.6,58,estimate
1950,Singapore,103.82,1.35,55,estimate
1950,Jakarta,106.85,-6.21,60,estimate
1950,Tokyo,139.69,35.69,70,estimate
1950,Seoul,126.98,37.57,75,estimate
1950,Beijing,116.4,39.9,80,estimate
1950,Shanghai,121.47,31.23,80,estimate
1950,Chengdu,104.07,30.67,90,estimate
1950,Tashkent,69.24,41.3,60,estimate
1950,Novosibirsk,82.93,55.03,70,estimate
1950,Irkutsk,104.28,52.29,80,estimate
1950,Vladivostok,131.89,43.12,100,estimate
1950,Yakutsk,129.73,62.03,110,estimate
1950,Sydney,151.21,-33.87,90,estimate
1950,Melbourne,144.96,-37.81,90,estimate
1950,Perth,115.86,-31.95,80,estimate
1950,Darwin,130.84,-12.46,80,estimate
1950,Brisbane,153.03,-27.47,92,estimate
1950,Auckland,174.76,-36.85,100,estimate
1950,Noumea,166.46,-22.26,90,estimate
1950,Tahiti,-149.57,-17.53,90,estimate
1950,Reunion,55.45,-20.88,42,estimate
1950,Port Moresby,147.18,-9.44,90,estimate
1950,Godthab,-51.7,64.18,48,estimate
1950,Nome,-165.41,64.5,60,estimate
1950,Churchill,-94.16,58.77,48,estimate
1950,Punta Arenas,-70.91,-53.16,70,estimate
1950,Luanda,13.23,-8.84,34,estimate
1950,Maputo,32.57,-25.97,44,estimate
1950,Kabul,69.21,34.56,50,estimate
1950,Ulaanbaatar,106.92,47.92,110,estimate
1950,Lhasa,91.17,29.65,150,estimate
1950,Borneo,114.9,4.9,70,estimate
1950,Makassar,119.42,-5.14,70,estimate
1950,Santiago de Cuba,-75.82,20.02,32,estimate
1950,Port-au-Prince,-72.34,18.54,32,estimate
1950,Newfoundland,-52.71,47.56,20,estimate
1975,Paris,2.35,48.86,0,sourced
1975,London,-0.13,51.51,2,estimate
1975,Brussels,4.35,50.85,2.5,estimate
1975,Amsterdam,4.9,52.37,2.5,estimate
1975,Lille,3.06,50.63,2.2,estimate
1975,Rouen,1.1,49.44,1.2,estimate
1975,Le Havre,0.1,49.49,2,estimate
1975,Reims,4.03,49.26,1.5,estimate
1975,Caen,-0.37,49.18,2,estimate
1975,Rennes,-1.68,48.11,3,estimate
1975,Brest,-4.49,48.39,3,estimate
1975,Nantes,-1.55,47.22,2.5,estimate
1975,Tours,0.69,47.39,2,estimate
1975,Bordeaux,-0.58,44.84,2.5,estimate
1975,Toulouse,1.44,43.6,2.5,estimate
1975,Montpellier,3.88,43.61,3,estimate
1975,Marseille,5.37,43.3,2.5,estimate
1975,Nice,7.26,43.7,2.5,estimate
1975,Lyon,4.83,45.76,2,estimate
1975,Grenoble,5.72,45.19,3.5,estimate
1975,Geneva,6.14,46.2,2,estimate
1975,Strasbourg,7.75,48.58,2.5,estimate
1975,Dijon,5.04,47.32,2.5,estimate
1975,Clermont,3.08,45.78,3.5,estimate
1975,Limoges,1.26,45.83,3.5,estimate
1975,Ajaccio,8.74,41.92,3,estimate
1975,Cagliari,9.11,39.22,3,estimate
1975,Zurich,8.54,47.37,2,estimate
1975,Frankfurt,8.68,50.11,2.5,estimate
1975,Cologne,6.96,50.94,3,estimate
1975,Munich,11.58,48.14,2.5,estimate
1975,Berlin,13.4,52.52,3,estimate
1975,Hamburg,9.99,53.55,3,estimate
1975,Copenhagen,12.57,55.68,3,estimate
1975,Oslo,10.75,59.91,3.5,estimate
1975,Stockholm,18.07,59.33,3.5,estimate
1975,Helsinki,24.94,60.17,4.5,estimate
1975,Vienna,16.37,48.21,3,estimate
1975,Prague,14.42,50.08,3.5,estimate
1975,Warsaw,21.01,52.23,4,estimate
1975,Budapest,19.04,47.5,3.5,estimate
1975,Rome,12.5,41.9,3,estimate
1975,Milan,9.19,45.46,2.5,estimate
1975,Naples,14.27,40.85,4,estimate
1975,Venice,12.33,45.44,3,estimate
1975,Palermo,13.36,38.12,5,estimate
1975,Madrid,-3.7,40.42,3,estimate
1975,Barcelona,2.17,41.39,2.5,estimate
1975,Seville,-5.98,37.39,4.5,estimate
1975,Lisbon,-9.14,38.72,3.5,estimate
1975,Athens,23.73,37.98,4.5,estimate
1975,Istanbul,28.98,41.01,5,estimate
1975,Ankara,32.86,39.93,7,estimate
1975,Moscow,37.62,55.76,5.5,estimate
1975,Leningrad,30.32,59.94,7,estimate
1975,Kiev,30.52,50.45,8,estimate
1975,Bucharest,26.1,44.43,4.5,estimate
1975,Belgrade,20.46,44.79,4,estimate
1975,Sofia,23.32,42.7,5,estimate
1975,Algiers,3.06,36.75,3,estimate
1975,Tunis,10.18,36.8,3,estimate
1975,Casablanca,-7.59,33.57,4,estimate
1975,Cairo,31.24,30.04,6,estimate
1975,Beirut,35.5,33.89,6,estimate
1975,Tel Aviv,34.78,32.08,6,estimate
1975,Reykjavik,-21.9,64.15,5.5,estimate
1975,Dublin,-6.26,53.35,2.5,estimate
1975,Edinburgh,-3.19,55.95,3,estimate
1975,Manchester,-2.24,53.48,2.5,estimate
1975,Larnaca,33.63,34.92,5.5,estimate
1975,Candia,25.13,35.34,6,estimate
1975,Palma,2.65,39.57,3,estimate
1975,Visby,18.4,57.45,6,estimate
1975,Riga,24.11,56.95,8,estimate
1975,New York,-74.0,40.71,9,estimate
1975,Boston,-71.06,42.36,9.5,estimate
1975,Montreal,-73.57,45.5,9,estimate
1975,Washington,-77.04,38.9,10,estimate
1975,Chicago,-87.63,41.88,11,estimate
1975,Los Angeles,-118.24,34.05,13,estimate
1975,San Francisco,-122.42,37.77,13,estimate
1975,Seattle,-122.33,47.61,13,estimate
1975,Vancouver,-123.12,49.28,13,estimate
1975,Dallas,-96.8,32.78,13,estimate
1975,Miami,-80.19,25.76,12,estimate
1975,Mexico City,-99.13,19.43,14,estimate
1975,Havana,-82.37,23.11,14,estimate
1975,Caracas,-66.9,10.48,12,estimate
1975,Bogota,-74.07,4.71,13,estimate
1975,Lima,-77.04,-12.05,16,estimate
1975,Rio de Janeiro,-43.17,-22.91,9,sourced
1975,Sao Paulo,-46.63,-23.55,11,estimate
1975,Buenos Aires,-58.38,-34.6,16,estimate
1975,Santiago,-70.67,-33.45,18,estimate
1975,Manaus,-60.02,-3.12,16,estimate
1975,Winnipeg,-97.14,49.9,13,estimate
1975,Anchorage,-149.9,61.22,12,estimate
1975,Honolulu,-157.86,21.31,18,estimate
1975,Dakar,-17.47,14.72,7,estimate
1975,Abidjan,-4.03,5.35,8,estimate
1975,Lagos,3.39,6.52,8,estimate
1975,Kinshasa,15.27,-4.33,10,estimate
1975,Johannesburg,28.05,-26.2,13,estimate
1975,Cape Town,18.42,-33.92,15,estimate
1975,Nairobi,36.82,-1.29,11,estimate
1975,Addis Ababa,38.75,9.03,10,estimate
1975,Khartoum,32.53,15.5,8,estimate
1975,Tananarive,47.52,-18.88,13,estimate
1975,Timbuktu,-3.0,16.77,15,estimate
1975,Kano,8.52,12.0,10,estimate
1975,Tehran,51.39,35.69,8,estimate
1975,Baghdad,44.36,33.31,8,estimate
1975,Dubai,55.27,25.2,9,estimate
1975,Karachi,67.0,24.86,10,estimate
1975,Bombay,72.88,19.08,11,estimate
1975,Delhi,77.21,28.61,11,estimate
1975,Calcutta,88.36,22.57,13,estimate
1975,Colombo,79.86,6.93,14,estimate
1975,Bangkok,100.5,13.75,14,estimate
1975,Saigon,106.66,10.76,16,estimate
1975,Hong Kong,114.17,22.3,16,estimate
1975,Manila,120.98,14.6,18,estimate
1975,Singapore,103.82,1.35,16,estimate
1975,Jakarta,106.85,-6.21,18,estimate
1975,Tokyo,139.69,35.69,18,estimate
1975,Seoul,126.98,37.57,20,estimate
1975,Beijing,116.4,39.9,20,estimate
1975,Shanghai,121.47,31.23,20,estimate
1975,Chengdu,104.07,30.67,24,estimate
1975,Tashkent,69.24,41.3,12,estimate
1975,Novosibirsk,82.93,55.03,14,estimate
1975,Irkutsk,104.28,52.29,17,estimate
1975,Vladivostok,131.89,43.12,22,estimate
1975,Yakutsk,129.73,62.03,24,estimate
1975,Sydney,151.21,-33.87,26,estimate
1975,Melbourne,144.96,-37.81,26,estimate
1975,Perth,115.86,-31.95,22,estimate
1975,Darwin,130.84,-12.46,24,estimate
1975,Brisbane,153.03,-27.47,27,estimate
1975,Auckland,174.76,-36.85,30,estimate
1975,Noumea,166.46,-22.26,28,estimate
1975,Tahiti,-149.57,-17.53,24,estimate
1975,Reunion,55.45,-20.88,13,estimate
1975,Port Moresby,147.18,-9.44,28,estimate
1975,Godthab,-51.7,64.18,14,estimate
1975,Nome,-165.41,64.5,18,estimate
1975,Churchill,-94.16,58.77,18,estimate
1975,Punta Arenas,-70.91,-53.16,24,estimate
1975,Luanda,13.23,-8.84,11,estimate
1975,Maputo,32.57,-25.97,15,estimate
1975,Kabul,69.21,34.56,12,estimate
1975,Ulaanbaatar,106.92,47.92,24,estimate
1975,Lhasa,91.17,29.65,40,estimate
1975,Borneo,114.9,4.9,20,estimate
1975,Makassar,119.42,-5.14,22,estimate
1975,Santiago de Cuba,-75.82,20.02,15,estimate
1975,Port-au-Prince,-72.34,18.54,14,estimate
1975,Newfoundland,-52.71,47.56,9,estimate
today,Paris,2.35,48.86,0,sourced
today,London,-0.13,51.51,2.3,sourced
today,Brussels,4.35,50.85,1.4,estimate
today,Amsterdam,4.9,52.37,3.3,estimate
today,Lille,3.06,50.63,1,estimate
today,Rouen,1.1,49.44,1.3,estimate
today,Le Havre,0.1,49.49,2.2,estimate
today,Reims,4.03,49.26,0.8,estimate
today,Caen,-0.37,49.18,2,estimate
today,Rennes,-1.68,48.11,1.5,estimate
today,Brest,-4.49,48.39,3.5,estimate
today,Nantes,-1.55,47.22,2,estimate
today,Tours,0.69,47.39,1.3,estimate
today,Bordeaux,-0.58,44.84,2.1,estimate
today,Toulouse,1.44,43.6,3,estimate
today,Montpellier,3.88,43.61,3.3,estimate
today,Marseille,5.37,43.3,3.1,estimate
today,Nice,7.26,43.7,3,estimate
today,Lyon,4.83,45.76,2,estimate
today,Grenoble,5.72,45.19,3,estimate
today,Geneva,6.14,46.2,3.2,estimate
today,Strasbourg,7.75,48.58,1.8,estimate
today,Dijon,5.04,47.32,1.6,estimate
today,Clermont,3.08,45.78,3.5,estimate
today,Limoges,1.26,45.83,3.3,estimate
today,Ajaccio,8.74,41.92,3,estimate
today,Cagliari,9.11,39.22,3,estimate
today,Zurich,8.54,47.37,4,estimate
today,Frankfurt,8.68,50.11,3.8,estimate
today,Cologne,6.96,50.94,3.3,estimate
today,Munich,11.58,48.14,3.5,estimate
today,Berlin,13.4,52.52,4,estimate
today,Hamburg,9.99,53.55,4,estimate
today,Copenhagen,12.57,55.68,4,estimate
today,Oslo,10.75,59.91,4.5,estimate
today,Stockholm,18.07,59.33,4.5,estimate
today,Helsinki,24.94,60.17,5,estimate
today,Vienna,16.37,48.21,4,estimate
today,Prague,14.42,50.08,4,estimate
today,Warsaw,21.01,52.23,4,estimate
today,Budapest,19.04,47.5,4.5,estimate
today,Rome,12.5,41.9,4,estimate
today,Milan,9.19,45.46,3.5,estimate
today,Naples,14.27,40.85,5,estimate
today,Venice,12.33,45.44,4,estimate
today,Palermo,13.36,38.12,5,estimate
today,Madrid,-3.7,40.42,4,estimate
today,Barcelona,2.17,41.39,4,estimate
today,Seville,-5.98,37.39,5,estimate
today,Lisbon,-9.14,38.72,4.5,estimate
today,Athens,23.73,37.98,5,estimate
today,Istanbul,28.98,41.01,5.5,estimate
today,Ankara,32.86,39.93,7,estimate
today,Moscow,37.62,55.76,12,estimate
today,Leningrad,30.32,59.94,13,estimate
today,Kiev,30.52,50.45,14,estimate
today,Bucharest,26.1,44.43,5,estimate
today,Belgrade,20.46,44.79,4.5,estimate
today,Sofia,23.32,42.7,5,estimate
today,Algiers,3.06,36.75,3.5,estimate
today,Tunis,10.18,36.8,3.5,estimate
today,Casablanca,-7.59,33.57,4.5,estimate
today,Cairo,31.24,30.04,6,estimate
today,Beirut,35.5,33.89,6.5,estimate
today,Tel Aviv,34.78,32.08,6.5,estimate
today,Reykjavik,-21.9,64.15,6,estimate
today,Dublin,-6.26,53.35,3.5,estimate
today,Edinburgh,-3.19,55.95,3.5,estimate
today,Manchester,-2.24,53.48,3.5,estimate
today,Larnaca,33.63,34.92,6,estimate
today,Candia,25.13,35.34,6,estimate
today,Palma,2.65,39.57,3.5,estimate
today,Visby,18.4,57.45,7,estimate
today,Riga,24.11,56.95,5,estimate
today,New York,-74.0,40.71,10,estimate
today,Boston,-71.06,42.36,10,estimate
today,Montreal,-73.57,45.5,9.5,estimate
today,Washington,-77.04,38.9,11,estimate
today,Chicago,-87.63,41.88,11,estimate
today,Los Angeles,-118.24,34.05,13.5,estimate
today,San Francisco,-122.42,37.77,13.5,estimate
today,Seattle,-122.33,47.61,13,estimate
today,Vancouver,-123.12,49.28,13,estimate
today,Dallas,-96.8,32.78,12.5,estimate
today,Miami,-80.19,25.76,12,estimate
today,Mexico City,-99.13,19.43,13,estimate
today,Havana,-82.37,23.11,13,estimate
today,Caracas,-66.9,10.48,12,estimate
today,Bogota,-74.07,4.71,13,estimate
today,Lima,-77.04,-12.05,15,estimate
today,Rio de Janeiro,-43.17,-22.91,13.5,estimate
today,Sao Paulo,-46.63,-23.55,14,estimate
today,Buenos Aires,-58.38,-34.6,16,estimate
today,Santiago,-70.67,-33.45,17,estimate
today,Manaus,-60.02,-3.12,16,estimate
today,Winnipeg,-97.14,49.9,13,estimate
today,Anchorage,-149.9,61.22,16,estimate
today,Honolulu,-157.86,21.31,20,estimate
today,Dakar,-17.47,14.72,7.5,estimate
today,Abidjan,-4.03,5.35,8.5,estimate
today,Lagos,3.39,6.52,8.5,estimate
today,Kinshasa,15.27,-4.33,10,estimate
today,Johannesburg,28.05,-26.2,13,estimate
today,Cape Town,18.42,-33.92,14,estimate
today,Nairobi,36.82,-1.29,11,estimate
today,Addis Ababa,38.75,9.03,9.5,estimate
today,Khartoum,32.53,15.5,9,estimate
today,Tananarive,47.52,-18.88,13,estimate
today,Timbuktu,-3.0,16.77,15,estimate
today,Kano,8.52,12.0,10,estimate
today,Tehran,51.39,35.69,9,estimate
today,Baghdad,44.36,33.31,9,estimate
today,Dubai,55.27,25.2,9,estimate
today,Karachi,67.0,24.86,11,estimate
today,Bombay,72.88,19.08,11.5,estimate
today,Delhi,77.21,28.61,10.5,estimate
today,Calcutta,88.36,22.57,13,estimate
today,Colombo,79.86,6.93,14,estimate
today,Bangkok,100.5,13.75,14,estimate
today,Saigon,106.66,10.76,15,estimate
today,Hong Kong,114.17,22.3,15,estimate
today,Manila,120.98,14.6,18,estimate
today,Singapore,103.82,1.35,15.5,estimate
today,Jakarta,106.85,-6.21,18,estimate
today,Tokyo,139.69,35.69,16,estimate
today,Seoul,126.98,37.57,15,estimate
today,Beijing,116.4,39.9,13.5,estimate
today,Shanghai,121.47,31.23,14,estimate
today,Chengdu,104.07,30.67,15,estimate
today,Tashkent,69.24,41.3,10,estimate
today,Novosibirsk,82.93,55.03,16,estimate
today,Irkutsk,104.28,52.29,18,estimate
today,Vladivostok,131.89,43.12,22,estimate
today,Yakutsk,129.73,62.03,24,estimate
today,Sydney,151.21,-33.87,24,estimate
today,Melbourne,144.96,-37.81,24,estimate
today,Perth,115.86,-31.95,20,estimate
today,Darwin,130.84,-12.46,22,estimate
today,Brisbane,153.03,-27.47,25,estimate
today,Auckland,174.76,-36.85,28,estimate
today,Noumea,166.46,-22.26,26,estimate
today,Tahiti,-149.57,-17.53,24,estimate
today,Reunion,55.45,-20.88,13,estimate
today,Port Moresby,147.18,-9.44,26,estimate
today,Godthab,-51.7,64.18,14,estimate
today,Nome,-165.41,64.5,24,estimate
today,Churchill,-94.16,58.77,18,estimate
today,Punta Arenas,-70.91,-53.16,22,estimate
today,Luanda,13.23,-8.84,11,estimate
today,Maputo,32.57,-25.97,14,estimate
today,Kabul,69.21,34.56,14,estimate
today,Ulaanbaatar,106.92,47.92,16,estimate
today,Lhasa,91.17,29.65,20,estimate
today,Borneo,114.9,4.9,18,estimate
today,Makassar,119.42,-5.14,20,estimate
today,Santiago de Cuba,-75.82,20.02,15,estimate
today,Port-au-Prince,-72.34,18.54,14,estimate
today,Newfoundland,-52.71,47.56,10,estimate
